NameId	MINOWA	# CHARACTER CODE	Name	NRPSPREDICTOR2	SANDPUMA	PRISM	Formula
Hiq	-	Hiq	6-hydroxy-1,2,3,4-tetrahydroisoquinoline-3-carboxylic acid	-	-	-	C10H11NO3
Kyn	Kyn	Kyn	kynurenine	kyn	kyn	-	C10H12N2O3
homoTyr	homoTyr	Hty	homoTyrosine	hty	-	Hty	C10H13NO3
Qna	Qna	Qna	Quinaldinic acid	-	-	-	C10H7NO2
Kya	-	Kya	Kynurenic acid	-	-	-	C10H7NO3
Trp	Trp	Trp	Tryptophan	trp	trp	-	C11H12N2O2
Gly	Gly	Gly	Glycine	gly	gly	G	C2H5NO2
Dhs	-	Dhs	Dehydroserine	-	-	-	C3H5NO3
Amn	-	Amm	Aminomalonate	-	-	-	C3H5NO4
Gac	guanidinoacetic_acid	Gac	Guanidinoacetic acid	gua	-	-	C3H7N3O2
Bal	B-Ala	Bal	beta-Alanine	b_ala	b-ala	&beta;-Ala	C3H7NO2
Ala	Ala	Ala	Alanine	ala	ala	A	C3H7NO2
Sar	Sar	Sar	Sarcosine	-	sar	-	C3H7NO2
Cys	Cys	Cys	Cysteine	cys	cys	C	C3H7NO2S
Ser	Ser	Ser	Serine	ser	ser	S	C3H7NO3
Isr	-	Isr	isoserine	-	-	-	C3H7NO3
Dap	2-3-diaminoproprionate	Dap	2,3-diaminopropionate	-	-	Dap	C3H8N2O2
Ani	alaninol	Ani	alaninol	-	alanionl	-	C3H9NO
Dab	Dab	Dab	2,4-diaminobutyric acid	dab	dab	Dab	C4H10N2O2
Aba	-	Aba	2,3-Diaminobutyric acid	-	-	-	C4H10N2O2
Acp	-	Acp	1-Aminocyclopropane-1-carboxylate	-	-	-	C4H6NO2
Hby	-	Hby	Dehydrobutyrine	-	-	OHBu	C4H7NO2
Asp	Asp	Asp	Aspartic acid	asp	asp	D	C4H7NO4
A3o	-	A3o	3-Hydroxyaspartic acid	-	-	OHAsp	C4H7NO5
Boa	-	Boa	beta-hydroxyaspartic acid	-	-	-	C4H7NO5
Tcl	Thr-4-Cl	Tcl	4-Chlorothreonine	tcl	-	-	C4H8ClNO3
Asn	Asn	Asn	Asparagine	asn	asn	N	C4H8N2O3
Has	hAsn	Has	Hydroxyasparagine	-	-	OHAsn	C4H8N2O4
Ama	-	Ama	amino(methoxy)acetic acid	-	-	-	C4H8N2O4
Abu	Abu	Abu	Aminobutyric acid	abu	abu	Abu	C4H9NO2
Aib	-	Aib	2-Aminoisobutyric acid	-	-	Aib	C4H9NO2
Thr	-	-	-	thr	thr	T	C4H9NO3
AloThr	Thr	Thr	allo-Threonine	allothr	athr	Thr	C4H9NO3
Hms	-	Hms	2-Hydroxymethylserine	-	-	-	C4H9NO4
Ahp	Ahp	Ahp	amino-6-hydroxy-2-piperidone	ahp	-	-	C5H10N2O2
Gln	Gln	Gln	Glutamine	gln	gln	Q	C5H10N2O3
Dhg	-	Dhg	beta,gamma-dihydroxyglutamine	-	-	-	C5H10N2O5
Hiv	-	Hiv	2,3-Dihydroxy-isovalerate	-	-	-	C5H10O4
Val	Val	Val	Valine	val	val	V	C5H11NO2
Amb	-	Amb	2-Amino-2-methylbutanoate	-	-	-	C5H11NO2
Iva	-	Iva	Isovaline	-	-	-	C5H11NO2
Met	-	Met	Methionine	met	met	M	C5H11NO2S
Bov	-	Bov	beta-hydroxyvaline	-	-	-	C5H11NO3
Orn	Orn	Orn	Ornithine	orn	orn	Orn	C5H12N2O2
Oho	OHOrn	Oho	delta-N-hydroxyornithine	-	-	OHOrn	C5H12N2O3
Nh5Orn	5NhOrn	5no	N5-Hydroxyornithine	-	-	-	C5H12N2O3
Ppt	-	Ppt	Phosphinothricin	-	-	-	C5H12NO4P
Opb	-	Opb	2-Amino-4-hydroxymethylphosphinyl-butanoate	-	-	-	C5H15N2O4P
Pyr	-	Pyr	Pyridine	-	-	Pyr	C5H5N
3ma	-	3ma	(2S,3S)-3-Methylaspartate	-	-	-	C5H9N04
Pro	Pro	Pro	Proline	pro	pro	P	C5H9NO2
3op	-	3op	3-Hydroxyproline	-	-	OHPro	C5H9NO3
4op	-	4op	4-Hydroxyproline	-	-	OHPro	C5H9NO3
Glu	Glu	Glu	Glutamic acid	glu	glu	E	C5H9NO4
Mas	MeAsp	Mas	Methylaspartic acid	-	me-asp	MeAsp	C5H9NO4
4og	-	4og	4-Hydroxyglutamic acid	-	-	-	C5H9NO5
mPro	mPro	Mpr	Methylproline	-	me-pro	MePro	C6H11NO2
Pip	pipecolate	Pip	Pipecolate	pip	pip	Pip	C6H11NO2
Amp	-	Amp	2-Amino-4-methyl-pentenoic acid	-	-	-	C6H11NO2
Aad	Aad	Aad	Alpha-aminoadipate	aad	aad	Aad	C6H11NO4
3mGlu	3mGlu	3mg	3-Methylglutamic acid	-	3-me-glu	MeGlu	C6H11NO4
Mgl	-	Mgl	Methylglutamic acid	-	-	-	C6H11NO4
Foo	fOHOrn	Foo	formyl-N5-hydroxyornithine	-	fhorn	-	C6H12N2O4
Cap	capreomycidine	Cap	Capreomycidine	-	-	Cap	C6H12N4O2
Cit	-	Cit	Citrulline	cit	-	-	C6H13N3O3
Ile	Ile	Ile	Isoleucine	ile	ile	I	C6H13NO2
Leu	Leu	Leu	Leucine	leu	leu	L	C6H13NO2
Bol	-	Bol	beta-hydroxyleucine	-	-	-	C6H13NO3
Bly	beta-Lys	Bly	beta-Lysine	-	blys	&beta;-Lys	C6H14N2O2
Lys	Lys	Lys	Lysine	lys	lys	K	C6H14N2O2
Arg	Arg	Arg	Arginine	arg	arg	R	C6H14N4O2
Hpa	3-HPA	Hpa	3-hydroxypicolinic acid	-	-	-	C6H5NO3
Hxy	-	Hxy	5-hexynoate	-	-	-	C6H7O2
His	His	His	Histidine	his	his	H	C6H9N3O2
Hex	-	Hex	5-hexenoate	-	-	-	C6H9O2
Ska	-	Ska	Shikimic acid	-	-	-	C7H10O5
Dpa	-	Dpa	Diaminopimelic acid	-	-	-	C7H14N2O4
Hci	-	Hci	homoCitrulline	-	-	-	C7H15N3O3
Aha	-	Aha	3,7-diaminoheptanoic acid	-	-	-	C7H16N2O2
Sal	Sal	Sal	Salicylate	sal	sal	Sal	C7H5O3
Hdb	-	Hdb	2,3-dihydroxybenzoate	-	-	-	C7H5O4
PHBA	-	-	-	-	-	PHBA	C7H6O3
Hbz	-	Hbz	Hydroxybenzoic acid	-	-	-	C7H6O3
Hsa	-	Hsa	2,3-dihydroxy-4-sulfobenzoic acid	-	-	-	C7H6O7S
Ata	-	Ata	Anthranilic acid	-	-	-	C7H7NO2
Pca	-	Pca	Piperidazine-3-carboxylic acid	-	-	-	C7H7NO2
Ahb	-	Ahb	AHBA; 3-Amino-5-hydroxybenzoic acid	-	-	AHBA	C7H7NO3
Xpa	-	Xpa	2,6-Dioxo-4-piperidinyl-acetic acid	-	-	-	C7H9NO4
Pth	-	Pth	Phthalate	-	-	-	C8H4O4
Qxa	QA	Qxa	Quinoxaline	-	-	QX	C8H6N2
Abz	-	Abz	5-amino-1,3-benzothiazole-7-carboxylic acid	-	-	-	C8H6N2O2S
Pya	Phenylacetate	Pya	Phenylacetate	-	-	-	C8H7O2
Pap	-	Pap	p-aminoacetophenone	-	-	-	C8H9NO
Hpg	Hpg	Hpg	4-hydroxyphenylglycine	hpg	hpg	Hpg	C8H9NO3
Mha	4-MHA	Mha	4-methyl-3-hydroxyanthranilic acid	-	-	-	C8H9NO3
Dhp	DHpg	Dhp	3,5-dihydroxyphenylglycine	dhp	-	-	C8H9NO4
Hpl	-	Hpl	4-Hydroxyphenyllactic acid	-	-	-	C9H10O4
Phe	Phe	Phe	Phenylalanine	phe	phe	F	C9H11NO2
Mab	-	Mab	4-dimethylamino-benzoic acid	-	-	-	C9H11NO2
Tyr	Tyr	Tyr	Tyrosine	tyr	tyr	Y	C9H11NO3
Pse	-	Pse	Phenylserine	-	-	-	C9H11NO3
Top	-	Top	TOPA	-	-	-	C9H11NO5
Bmt	Bmt	Bmt	(4R)-4-[(E)-2-butenyl]-4-methyl-L-threonine	bmt	bmt	Bmt	C9H17NO3
And	-	And	2-Aminononane-1,9-dioic acid	-	-	-	C9H17NO4
akF	-	-	-	-	-	&alpha;kF	-
akI	-	-	-	-	-	&alpha;kI	-
akL	-	-	-	-	-	&alpha;kL	-
akV	-	-	-	-	-	&alpha;kV	-
bAib	-	-	-	-	-	&beta;-Aib	-
bAln	-	-	-	-	-	&beta;-Aln	-
bPhe	-	-	-	-	-	&beta;-Phe	-
Dhb	DHB	Dhb	2,3-dehydroaminobutyric acid	dhb	dhb	2,3DHB	-
3hpa	-	-	-	-	-	3-HPA	-
3hqa	-	-	-	-	-	3-HQA	-
3ha	-	-	-	-	-	3HA	-
3ala	-	-	-	-	-	5-ALA	-
aa	-	-	-	-	-	AA	-
acl	-	-	-	-	-	ACL	-
c10	-	-	-	-	-	C<sub>10</sub>	-
c14	-	-	-	-	-	C<sub>14</sub>	-
c6	-	-	-	-	-	C<sub>6</sub>	-
Chc	-	-	-	-	-	CHC	-
Cinn	-	-	-	-	-	Cinn	-
Col	-	-	-	-	-	CoL	-
Dha	-	-	-	-	-	Dha	-
Dhab	-	-	-	-	dhab	Dhab	-
Dhchc	-	-	-	-	-	DHCHC	-
Dhpg	-	-	-	dhpg	dhpg	Dhpg	-
Fhba	-	-	-	-	-	FHBA	-
Horn	-	-	-	-	horn	HAOrn	-
Hse	-	-	-	hse	hse	Hse	-
MePhe	-	-	-	-	-	MePhe	-
OHGln	-	-	-	-	-	OHGln	-
OHHty	-	-	-	-	-	OHHty	-
OHLeu	-	-	-	-	-	OHLeu	-
OHPhe	-	-	-	-	-	OHPhe	-
OHPip	-	-	-	-	-	OHPip	-
OHPP	-	-	-	-	-	OHPP	-
OHTyr	-	-	-	-	-	OHTyr	-
OHVal	-	-	-	-	-	OHVal	-
OMeTrp	-	-	-	-	-	OMeTrp	-
Paa	-	Paa	{1-[amino(imino)methyl]pyrrolidin-2-yl}acetic acid	-	-	PAA	-
Pba	-	Pba	PABA	-	-	PABA	-
Piz	-	-	-	-	piperazic	Piz	-
3ppla	-	-	-	-	33p-l-ala	-	-
3oh3mpro	-	-	-	-	3oh-3me-pro	-	-
3ohgln	-	-	-	-	3oh-gln	-	-
3ohleu	-	-	-	-	3oh-leu	-	-
dehArg	-	-	-	-	4-5-dehydro-arg	-	-
clTrp	-	-	-	-	6cl-trp	-	-
aile	-	-	-	-	aile	-	-
ameser	-	-	-	-	alpha-me-ser	-	-
aohgly	-	-	-	-	aoh-gly	-	-
Bht	-	-	-	bht	bht	-	-
BdLeu	-	-	-	-	boh-d-leu	-	-
BmeTyr	-	-	-	-	boh-ome-tyr	-	-
Cysa	-	-	-	-	cysa	-	-
Dal	-	Dal	DehydroxyAlanine	ala_d	d-ala	-	-
DAsn	-	-	-	-	d-asn	-	-
DAthr	-	-	-	-	d-athr	-	-
DCHorn	-	-	-	-	d-cyclo-horn	-	-
DCys	-	-	-	-	d-cys	-	-
Ddab	-	-	-	-	d-dab	-	-
DGln	-	-	-	-	d-gln	-	-
DLeu	-	-	-	-	d-leu	-	-
DPro	-	-	-	-	d-pro	-	-
DSer	-	-	-	-	d-ser	-	-
DThr	-	-	-	-	d-thr	-	-
DTrp	-	-	-	-	d-trp	-	-
DVal	-	-	-	-	d-val	-	-
DeOxyThr	-	-	-	-	deoxy-thr	-	-
Dhabdht	-	-	-	-	dhab-dht	-	-
DHabu	-	-	-	-	dhabu	-	-
Dht	-	-	-	dht	dht	-	C4H7NO2
DnbSal	-	-	-	-	dnb-sal	-	-
Dpg	-	-	-	dpg	dpg	-	-
glyPhe	-	-	-	-	gly-ph	-	-
GlyCy	-	-	-	-	glycy	-	-
goh-val	-	-	-	-	goh-val	-	-
hpg2Cl	-	-	-	-	hpg-hpg2cl	-	-
Hcl	Hpg2Cl	Hcl	3,5-dichloro-4-hydroxy-L-phenylglycine	-	hpg2cl	-	-
iva	-	-	-	-	iva	-	-
lys-erg	-	-	-	-	lys-erg	-	-
mTyr	-	-	-	-	me-tyr	-	-
nmeFhorn	-	-	-	-	nme-fhorn	-	-
nmeThr	-	-	-	-	nme-thr	-	-
nohAla	-	-	-	-	noh-ala	-	-
nohDAla	-	-	-	-	noh-d-ala	-	-
nohVal	-	-	-	-	noh-val	-	-
ohdAla	-	-	-	-	oh-d-ala	-	-
pheAC	-	-	-	-	phe-ac	-	-
proMpro	-	-	-	-	pro-me-pro	-	-
Aeo	Aeo	Aeo	2-amino-9,10-epoxi-8-oxodecanoic acid	aeo	-	-	C10H17NO4
Apa	-	-	-	apa	-	-	-
Apc	-	-	-	apc	-	-	-
Cha	-	-	-	cha	-	-	-
End	-	-	-	end	-	-	-
hyv	-	-	4-Hydroxy-D-valine	hyv	-	-	C5H11NO3
phg	-	-	-	phg	-	-	-
uda	-	-	-	uda	-	-	-
vol	-	-	-	vol	-	-	-
Aho	-	Aho	4,8-diamino-3-hydroxy-octanoic_acid	-	-	-	-
Amd	-	Amd	AHMOD	-	-	-	-
bOhTyr	bOHTyr	Bot	beta-hydroxytyrosine	-	-	-	-
Btc	-	Btc	Benzothiazole-3-amino-5-carboxylic acid	-	-	-	-
Cpa	-	Cpa	2-amino-3-[2-(dihydroxyamino)cyclopropyl]propanoic acid	-	-	-	-
Cpd	-	Cpd	trans-1,2-CPDA	-	-	-	-
Dhl	-	Dhl	Dehydroxyleucine	-	-	-	-
For	-	For	Formylornithine	-	-	-	-
Goa	-	Goa	gamma-hydroxy-arginine	-	-	-	-
Hba	-	Hba	2,3-Hydroxy-beta-alanine	-	-	-	-
Hcy	-	Hcy	homoCystein	-	-	-	-
Hht	-	Hht	3,4-dihydroxyhomotyrosine	-	-	-	-
Hmc	-	Hmc	3-hydroxy-6-(methylthio)-2,5-dioxocyclohexanecarboxylic acid	-	-	-	-
Mnl	-	Mnl	5-Methyl-norleucine	-	-	-	-
OmAsp	OmAsp	Oma	3-O-methyl-aspartic acid	-	-	-	-
Ota	-	Ota	3-oxo-5-thia-2-azabicyclo-4.4.0-deca-7,9,11-triene-9-carboxylic acid	-	-	-	-
Oya	-	Oya	1,3-oxazol-5-ylacetic acid	-	-	-	-
Pea	-	Pea	(2E)-2-amino-4-hydroxypent-2-enoic acid	-	-	-	-
Pec	-	Pyc	trans-(3S,4S)-4-hydroxy-2,3,4,5-tetrahydropyridazine-3-carboxylic acid	-	-	-	-
Xaa	-	Xaa	Alkyl chain	-	-	-	-